n,nsamp,error.rate,error.count,loss,p121,p122,p131,p132,p221,p222,p231,p232
512,0,0.080078125,41,1.19461804432554,-0.6588394565253552,-0.7224428770138654,-0.7154414667208105,0.6892812480528783,-0.7737014345155333,0.7367423770971697,-0.6813757106392193,-0.7924638332135954
512,0,0.087890625,45,1.2820311397001944,-0.6622547144398002,-0.7680740210855449,-0.7581117834717116,0.7163068001523764,-0.8014257468256589,0.6669879270271971,-0.6283458309069598,-0.8326222015424112
512,0,0.068359375,35,1.0956338851607648,-0.6993716411904153,0.7353267530948013,-0.7163370747970514,-0.7434286538862298,-0.7274358966591152,-0.7498614362824718,-0.6971522822868033,0.7677986177417528
512,0,0.1171875,60,1.3659121154479636,-0.6685010524433587,-0.7582182892591945,-0.7352878993473174,0.7340396514752839,-0.7195944379121836,0.7085021975812626,-0.6832725297943593,-0.7681208161470879
512,0,0.09375,48,1.0514834188981912,-0.7109954678093441,-0.7266331715988751,-0.6811202242379634,0.7575574595936592,-0.6978962785877193,0.7506021710602468,-0.7201098295781526,-0.7608103879648838
512,0,0.32421875,166,2.5514207981950277,-0.6697559240484481,0.6887988803659364,-0.7221472681879714,-0.731772720481453,-1.3686771201158,1.4496006218548416,-0.2802024948274915,-0.29801937873748585
512,0,0.115234375,59,1.430001622697232,-0.6534266447124094,0.7667511164095236,-0.7253712226245296,-0.7479805200288119,-0.7040634125975482,-0.7441874603629244,-0.6800085740663309,0.7733220186762151
512,0,0.28515625,146,2.3902485415582815,-0.6875828082771359,-0.7087197789073941,-0.7251390329925086,0.7310244926266494,-1.4023293924485762,-1.406019260319146,-0.27110280492940875,0.3178464958022255
512,0,0.09765625,50,1.0510800931006172,-0.7069451011611501,0.7505732584016771,-0.7070178639085439,-0.7750798120531974,-0.7663357250424704,-0.7199044385530673,-0.6732485683386784,0.7911682232167965
512,0,0.2734375,140,2.5707235023476755,-1.4557473303733208,-1.2670318366316635,-0.21789946693426632,0.3129519937352556,-0.634627461903157,-0.7814280757211776,-0.7257066434494758,0.7703459356962828
512,0,0.107421875,55,1.3069537615567008,-0.62671212088355,-0.723585320989449,-0.7276599761379502,0.7604173126997054,-0.7374992048068842,0.7147670762057527,-0.7031670810817564,-0.7501664635545355
512,0,0.076171875,39,0.9882840990895966,-0.7951881632765812,-0.6780164632358278,-0.6664440774297293,0.7635747246759851,-0.6898398803684918,0.765015007965009,-0.7226241439761141,-0.7854748459132496
512,0,0.0859375,44,1.16042986571502,-0.7533747721086433,0.6860307049317264,-0.6738427134159303,-0.8117979710077822,-0.7297702250234585,-0.790700270888088,-0.705585319244568,0.722067372261985
512,0,0.30078125,154,2.526312532291985,-0.6072940761709265,-0.8100094578628815,-0.722294173430327,0.7643113462746042,-1.5065119226669657,-1.312471225271755,-0.2213191658845766,0.3128388651246921
512,0,0.0859375,44,1.0822656228929453,-0.6880610446217023,-0.7428631905143103,-0.7323106863025223,0.6995946192617255,-0.7333755779163396,0.7160797666011414,-0.6593497813917264,-0.7931113826478497
512,0,0.1015625,52,1.245674283459972,-0.6767273694753865,-0.758108984600573,-0.7158109672201869,0.731882829373289,-0.6965391006847502,0.7885494562999235,-0.7201965078369317,-0.8443293604018817
512,0,0.0859375,44,1.1048365834986584,0.8184599347333547,-0.6912980573943669,0.6384020919440797,0.8148642447170732,0.6187588167113949,0.7589485567906876,0.7504179448683829,-0.6795877685290793
512,0,0.3125,160,2.342388177837206,1.401847807027898,1.391792697225508,0.2671288727384749,-0.3101488048070933,0.6551909272321208,0.725491138727607,0.7312800054489845,-0.7367934559820428
512,0,0.111328125,57,1.197915830843798,-0.6750533586414135,0.6727544096447974,-0.6825783260378896,-0.7174799779435329,-0.6958497542521502,-0.7817747957519596,-0.7405543384541151,0.8009586566667929
512,0,0.099609375,51,1.2850315960061365,-0.6553199102641165,-0.7634187074047567,-0.7412056478966493,0.7179634793842516,-0.683042632346347,0.732083034523399,-0.6855721367731482,-0.7954982029505373
512,0,0.091796875,47,1.033895832537262,-0.6873128569860277,-0.7739840286217841,-0.7187872477719633,0.7643453702132219,-0.7332827886528892,0.7119825545931707,-0.6919246519474653,-0.842781446870867
512,0,0.107421875,55,1.4368952597675633,-0.7283227745137151,-0.7559962786422576,-0.6798042440408636,0.7864393626762188,-0.6563720137538795,0.7405166144563097,-0.7228799886593824,-0.7220882901929172
512,0,0.490234375,251,NA,-0.8454218671601061,-1.927902403134236,-0.6514718771499489,0.7587827487753903,-1.1076841544296336,-0.7639723463270586,-0.2675020631539074,0.3391064376827765
512,0,0.119140625,61,1.1548060192429728,-0.665024080972928,0.7228941590793083,-0.72382650480078925,-0.7643941345784786,-0.705253941546774,-0.7619236609262465,-0.68993428867982,0.8408381030341864
512,0,0.078125,40,1.1230696341661208,-0.6339501159606019,0.7577375711776002,-0.7777495625458091,-0.7552930939219555,-0.737478293727413,-0.7573904797074578,-0.6574008121621341,0.8517912794561069
512,0,0.32421875,166,2.542010900591137,-1.4280436455842962,-1.3358321952509449,-0.25011517234337305,0.2939341456084431,-0.7596203728874451,-0.699157872914137,-0.6651944108766003,0.7964333379727033
512,0,0.337890625,173,2.574115938645797,-0.5230552086723924,0.8126886178426549,-0.6971281652452325,-0.7018142417403616,-1.5277537170379172,1.2195634636752677,-0.22828949358535847,-0.3294091964448427
512,0,0.08984375,46,1.2609989238908683,-0.6812244050373613,-0.7219864454809111,-0.6901992333110205,0.7532764445051768,-0.6979601087234978,0.7357125158618318,-0.7278433972250011,-0.731295647303034
512,0,0.1015625,52,1.2186366665263235,-0.6951725839059594,-0.7133865423936335,-0.7078066027741348,0.7265417914295093,-0.7331562082341478,0.7743689667358109,-0.6800686226839887,-0.7755651324620358
512,0,0.4765625,244,2.655927826028159,-0.6982199032399448,2.147705871596723,-0.6952128029265645,-0.7291053195803421,-1.0093913633320284,0.7406602284778019,-0.2878729983324913,-0.31355291079114017
512,0,0.091796875,47,1.1922971548409178,-0.7457684038519117,0.7020692331131785,-0.6637749921542955,-0.7541469680090613,-0.7123748368141732,-0.7769337949005338,-0.72985132602243,0.8064466463809393
512,0,0.099609375,51,1.3589256016522304,-0.7216287783562605,0.7502241816850755,-0.6864489514138207,-0.7280361030264973,-0.6705246515179428,-0.7329933497720735,-0.6988061345136652,0.7160328980756665
512,0,0.111328125,57,1.278676462696315,-0.6958550900558591,-0.7672013127067315,-0.7250332638536269,0.7364303012255431,-0.6899379255528155,0.7177051054249884,-0.6790765175040009,-0.7667432533954963
512,0,0.091796875,47,1.180451178620605,-0.7109580419680998,0.7514631232972243,-0.7117753510949625,-0.7471992356457107,-0.7154610827196926,-0.7293387009224664,-0.6875411489489096,0.7890449743952156
512,0,0.083984375,43,1.132348202130432,-0.7018057058786559,0.7330864163704649,-0.7046133995427197,-0.7271607077514403,-0.6933860150912832,-0.7415762418280332,-0.7089816691766399,0.774394858149649
512,0,0.08984375,46,1.2059374151050193,-0.6961076396275023,0.7021949449205102,-0.7011801170816957,-0.7607727279930308,-0.7307004982418642,-0.7281314289973094,-0.6925269897620746,0.7184848348874039
512,0,0.1015625,52,1.386050547747476,-0.789521064822351,0.7170409107096096,-0.6697374283920798,-0.8485244457981367,-0.6514602058603134,-0.7803679160930485,-0.7342660679646623,0.740764193478843
512,0,0.345703125,177,2.476584573069591,-0.692786824761369,0.6358993366321116,-0.7191517176621941,-0.7299470450417178,-1.422611715514216,1.3675892746595837,-0.24080428120807465,-0.36051447447018015
512,0,0.31640625,162,2.2307855812056077,-0.721650805666437,-0.663412538799972,-0.739835990775292,0.7049727832276862,-1.3968052356497949,-1.416393360785251,-0.29964650320046465,0.3089126157268902
512,0,0.087890625,45,1.139967387045152,-0.7770796028031662,0.7074681279502367,-0.6604644295573245,-0.7511120497706711,-0.644002641961556,-0.8078708735041739,-0.7283045268394736,0.7170905154090008
512,0,0.443359375,227,2.746438981930399,-1.2042780102127926,0.6133218036519714,-0.2091489948484155,-0.3079557579728133,-1.022960149450368,1.5175730933644498,-0.5597474508431578,-0.8054317127002187
512,0,0.328125,168,2.326611229563289,1.597858228532947,1.2563395030771798,0.21666061404071707,-0.3245909467033479,0.6401869699421163,0.727017107003813,0.6828222843581555,-0.7743858363018571
512,0,0.349609375,179,1.886023565225987,-0.9989385017776748,-1.3831922601247224,-0.6070146417836475,0.7656909870897323,-0.898428880910288,0.6613041805008951,-0.4101269948489225,-0.36072055076821485
512,0,0.08984375,46,1.0688026059605886,0.7200477124463703,-0.7340107239752625,0.6818441033834081,0.8048814791572007,0.694994608191241,0.7511424524877989,0.7204578917183309,-0.6763532341054259
512,0,0.279296875,143,2.337366918133766,-1.5792496576803698,1.3111175447891443,-0.19631164904769535,-0.30798731618734043,-0.6041967066121035,0.7689394651454429,-0.7046375899626666,-0.7137989140756652
512,0,0.068359375,35,0.9981748411545333,-0.6528928693723631,-0.7618509824938753,-0.723656995192363,0.7745650028922438,-0.7328453858684859,0.7153939887441314,-0.7000030505360494,-0.7686897872536506
512,0,0.458984375,235,2.3711691895286284,1.1784462748083908,0.6705616951646209,0.23814975326424043,-0.3358072831490973,0.8878126199651645,1.9154310728707045,0.6258469198997579,-0.7617814057980565
512,0,0.39453125,202,1.884752220858488,-0.9487770954837192,-0.6298124048395017,-0.3932473305886753,0.3366589460845585,-0.9565871752541316,1.586816173213802,-0.6416976035601872,-0.7336618338271642
512,0,0.1015625,52,1.17530930474528,-0.659684739383512,-0.7320561240898353,-0.7364578871657682,0.7073582899806445,-0.6985991851509757,0.7236132798322792,-0.69445721831519025,-0.7889432556816146
512,0,0.072265625,37,1.1339020710943324,-0.730755305227224,0.7268939647799935,-0.6894768704629515,-0.7999886738892943,-0.6557017960183501,-0.7750811476324957,-0.7250514599489564,0.7385676008247544
512,0,0.08984375,46,1.1382884014144858,-0.6738043656758383,0.7607640694500996,-0.685038718606409,-0.7734621102385738,-0.6590903311326713,-0.7718167127813187,-0.7269742645059223,0.7610770987167148
512,0,0.09375,48,1.1794514498179964,-0.7395432926404195,0.7090173764935596,-0.68298294109894,-0.7278082979839238,-0.6883202315854864,-0.7721381561015358,-0.7218400799498511,0.7361434732738601
512,0,0.31640625,162,2.231056790054157,-0.833479737440972,-0.6568846760073002,-0.6491751335805421,0.7776408771780242,-1.39738741377645,-1.2954851107750536,-0.26838420738188384,0.34579335105020553
512,0,0.115234375,59,1.2875664551855834,0.7009757326385497,-0.6979094600341722,0.6623625239180582,0.7385995368156084,0.6259872615180428,0.7611552552748085,0.7603343760575969,-0.719399797081398
512,0,0.095703125,49,1.0392978952903054,-0.6840947793722133,-0.7437839849839754,-0.7161017687814052,0.7499010465837574,-0.7062243513378283,0.7213440306339799,-0.6988939072201519,-0.739544778209514
512,0,0.080078125,41,1.3556088498263033,-0.706923088968965,0.7426133379199169,-0.6755977669897302,-0.7137187081196419,-0.64127841086545,-0.7218827838638184,-0.7311994930941048,0.6612159951940412
512,0,0.39453125,202,2.7638706156059527,-1.0634235470581372,1.5422207307469205,-0.5869511266760229,-0.7768042702162374,-1.3203724666727636,0.5597877343583666,-0.21663352343293532,-0.31813399711817736
512,0,0.08984375,46,1.0930787339327868,-0.5995575364098157,0.7623476614222437,-0.7428809247820911,-0.7089978564191891,-0.8011195345645844,-0.7160206257963009,-0.6632116308310482,0.7615688554711381
512,0,0.130859375,67,1.225635231953111,-0.6375250198184362,0.7510162675229922,-0.7110533802544211,-0.8335240235835466,-0.7428499723868434,-0.7238285157716302,-0.7053892858504159,0.783389621883393
512,0,0.123046875,63,1.2521861083678414,-0.6983668649227758,-0.7643826096655992,-0.7117547776503711,0.7950075162858472,-0.6676243372411996,0.7419116989766912,-0.7006050195577012,-0.793250418638629
512,0,0.083984375,43,1.3030205754414153,-0.6663278851918083,-0.7592786770093093,-0.7073184306005373,0.6988880575634477,-0.758700942711417,0.7654402020732402,-0.6957531569398131,-0.7513336367703822
512,0,0.115234375,59,1.1511096401422576,-0.6658148121461152,0.7204651053647374,-0.7150613895811911,-0.6802249398721887,-0.6837562398628391,-0.7429022257794035,-0.6903246732563283,0.7386476227392337
512,0,0.09765625,50,1.3065374364487528,-0.7231894406164469,0.6868539244040764,-0.6707681882932507,-0.813530005859712,-0.6324277080895586,-0.8310700157326303,-0.7589499961042802,0.777746382175598
512,0,0.2890625,148,2.165931202261509,-1.38025247723341,1.2128418152506892,-0.2802046222454252,-0.33812285669367687,-0.7662096931668612,0.6709237429748445,-0.7008737369223211,-0.8085773045745501
512,0,0.478515625,245,2.281013732821533,-1.1874256478609682,0.632655423806057,-0.24821450548051913,-0.3213174882312231,-0.9771555665975236,1.757589586882483,-0.5918144869034618,-0.7972401446794929
512,0,0.244140625,125,2.300016334511109,-0.672249625040554,-0.7803155374213117,-0.7157813467034324,0.8356239346128961,-1.474978199149527,-1.3702856482233148,-0.25509748145115335,0.3590535389167445
512,0,0.080078125,41,1.1575966510019455,-0.7808321059767275,0.7038068051445905,-0.6259191550137438,-0.8482840546540347,-0.655329579518223,-0.7882101620189449,-0.76223512419695,0.6804878065368399
512,0,0.115234375,59,1.2510332167970386,-0.6911374566646019,0.7296362766330952,-0.6827334706143706,-0.8147776284570167,-0.644120235414076,-0.7643267196126002,-0.7438679355741524,0.769436292642562
512,0,0.251953125,129,2.325614377721946,-0.7803223742858131,0.6767551958970334,-0.6515763056153775,-0.8366849388818436,-1.5439407863945818,1.3801643197685207,-0.2591018194862104,-0.3673428241829553
512,0,0.29296875,150,2.1611161232324436,-0.7323716696454592,-0.6716632954007916,-0.6712375595228643,0.8082920635464803,-1.4638068424729689,-1.2922903868355782,-0.27695145923751924,0.34543524097678513
512,0,0.365234375,187,1.9742807704635417,-0.79587703704495,1.5564757833321852,-0.689984600756664,-0.7507769586542741,-1.0292811327496043,-0.6411413167817175,-0.3162183590863528,0.38865885918665094
512,0,0.48828125,250,2.118128567359873,-1.0475153910195996,-0.7352843734805637,-0.294388185746886,0.3610721718326835,-0.7740693294611042,-1.979676071497646,-0.6629690112260923,0.7293616399407998
512,0,0.259765625,133,2.6338421863094466,-0.6549444869671976,0.7771268332247638,-0.7489992399516303,-0.7485563916371797,-1.4010678747335603,1.4614888426170511,-0.29223706396420873,-0.32150785795776166
512,0,0.29296875,150,2.312848592657645,-1.3298322259572397,-1.3319324669485668,-0.2992933612352707,0.35006080753629637,-0.7167677131861685,-0.6859239889200703,-0.7187334039976264,0.7440987952066048
512,0,0.458984375,235,2.556125647010166,-1.346743243996945,1.3107850812253945,-0.3473502525558829,-0.3946303542440679,-1.0664143207957757,-0.34227393607814194,-0.6645446928811939,-0.7005271131027385
512,0,0.431640625,221,2.3642534286441816,-0.8211208684980923,-2.109812342950233,-0.6356353840137674,0.792754259957503,-0.9331625909133155,-0.7171367642994794,-0.2949408947620057,0.33312821271222626
512,0,0.287109375,147,2.655289421207672,1.4214658527426456,1.3259664422367,0.24343185226047312,-0.3108189996740091,0.628846219364506,0.8124433208697589,0.7178713658988779,-0.738322034049308
512,0,0.087890625,45,1.0076739148361515,-0.677898148643174,0.7638018793668675,-0.7287932798029201,-0.7118184768532962,-0.7448300773341788,-0.7234661139371169,-0.6667970784752695,0.845875135471709
512,0,0.111328125,57,1.131482377145322,-0.5886780452370104,0.7353436963456694,-0.7446054774045058,-0.6640636575245894,-0.7312857764963109,-0.695357996069938,-0.6671139261680101,0.7695109783812701
512,0,0.2734375,140,2.172840888046912,1.4298193598819753,1.3052266947434688,0.2659941769990487,-0.32862454326903967,0.7712533179975652,0.6464479765234902,0.6715462736612168,-0.756846290956243
512,0,0.1015625,52,1.0536290121493348,-0.68270277141935,-0.7674370334848064,-0.7136217381656405,0.8131844095495946,-0.6925405041380275,0.7519962541796897,-0.7091370451620271,-0.7477077662332885
512,0,0.111328125,57,1.300602627760481,-0.758821586718573,0.6899161797527705,-0.665030799085578,-0.7388915551592748,-0.6656917678261473,-0.7528410694774863,-0.7246258411616986,0.7487600726781902
512,0,0.32421875,166,2.312104108039428,-1.4418546600872686,-1.2053199716140004,-0.24431831911988625,0.3505150539090913,-0.8190824722191482,-0.6145995218498207,-0.6328973137826573,0.7664557774922548
512,0,0.1015625,52,1.0420284247789189,0.7302772023376827,0.7187324016303717,0.6847566121149287,-0.8078075574691433,0.7841168542626497,-0.7312353672589824,0.6798165369119731,0.7710782948283481
512,0,0.287109375,147,2.534451336004013,-1.3429305840982166,-1.4359178401646708,-0.31326694023857043,0.32513989662114795,-0.6990347644141827,-0.715160807086165,-0.7301121346157714,0.7689266229293586
512,0,0.248046875,127,2.3408803847917463,-1.2997800265755852,1.4852947718410692,-0.31012637549339855,-0.34016695668498104,-0.693492104532996,0.7342224599517311,-0.7251599228155298,-0.6772309675230699
512,0,0.228515625,117,2.226024587963651,-1.3615450298406813,-1.4917840228268449,-0.2927875788789249,0.3662387535461787,-0.7045073111698569,-0.7262110438394854,-0.7189619376306954,0.7464427977084662
512,0,0.08984375,46,1.0369429546712428,-0.7001728747515444,-0.7438373910498391,-0.6992780290380564,0.7433761435809515,-0.6852714851916034,0.7701422301094719,-0.722113489587755,-0.7751556213728875
512,0,0.083984375,43,1.0799467798890332,-0.6777792997348087,-0.7400832368320828,-0.7012713735356759,0.8065770196015313,-0.7504898428459292,0.7197681984849619,-0.706863000627964,-0.7433024267079974
512,0,0.3046875,156,2.4906493254076603,-1.43748141732049,1.4120757433127522,-0.257210165879786,-0.3836046754332995,-0.7505453367587162,0.6491476471171731,-0.6802775830025329,-0.7383135622644277
512,0,0.3125,160,2.3338838299307243,-1.3888902881415748,1.3529482872294032,-0.3054535950192969,-0.32800897858870354,-0.7357640491080951,0.6855825850552991,-0.7000001822782448,-0.7506749718541861
512,0,0.103515625,53,1.2116240531374838,-0.6669379550472408,0.7209792495281355,-0.7333389970685988,-0.6635813581860962,-0.6977577988416517,-0.7462114153570875,-0.6722752359934311,0.7627569294117671
512,0,0.279296875,143,2.362169225649279,-1.503547301943586,1.319849923108765,-0.25553754114775185,-0.3418450077646162,-0.7499927290824207,0.6549098081776614,-0.6634452651490882,-0.7889959349277352
512,0,0.11328125,58,1.183278917531526,-0.6356870069441788,0.7182544207501571,-0.7211464067044319,-0.7214121680800326,-0.6629997206377168,-0.7745424575190435,-0.7086398427754546,0.7725617645781558
512,0,0.279296875,143,2.436422157183808,-0.7046009790459726,-0.690119235086587,-0.6909783038869883,0.7465400155028081,-1.5239316505819014,-1.363505030970501,-0.2142943634374154,0.34047443439804903
512,0,0.33203125,170,2.157967533390819,-0.8260707874410831,-0.5482571398716798,-0.6018399255372116,0.7749941174446502,-1.4777557149753071,-1.2268934938417129,-0.2587489672781207,0.33800907521126217
512,0,0.302734375,155,2.1230807657862907,-1.4776171322481892,1.307762130548513,-0.2418643787722388,-0.3252616980327635,-0.7405647542706144,0.6572659556808336,-0.6848235957086165,-0.7140589961856247
512,0,0.107421875,55,1.0202043449133178,-0.6827903920106885,0.7235859954400883,-0.6900308446672816,-0.7647862713136555,-0.6616325134877401,-0.7380796055161933,-0.7264136588939897,0.6707336551035904
512,0,0.08984375,46,1.257446471311408,-0.660063303659363,0.7331623487599913,-0.7379215866973068,-0.6949032654366644,-0.7150187892396027,-0.7573487752397378,-0.68186095761063,0.808865695677992
512,0,0.08984375,46,1.1483924883117664,-0.6700645358078311,-0.7708062924587066,-0.7436882391586744,0.7483203777306194,-0.7332189270133901,0.7008015314479811,-0.6589690751617999,-0.7360534511887582
512,0,0.4375,224,2.5348965270012687,-1.1674475191972744,-0.6667108542566031,-0.24937289385626243,0.32860134150843096,-0.9690074637739337,-1.5984862043003487,-0.6178282619959187,0.7537192892575417
512,0,0.111328125,57,1.3641484631800984,-0.7603072199904712,0.7343393620100124,-0.6866384503746166,-0.776893097416257,-0.6838828866590801,-0.7350553982175184,-0.7008373510442591,0.7524333845093182
512,0,0.09765625,50,1.2825084424103568,-0.6471393853776484,-0.7718135091156487,-0.7269454489298678,0.7547728890643575,-0.7402775114196715,0.7174796966074574,-0.6869180973182286,-0.8272855820290175
512,0,0.091796875,47,1.2532884150697114,-0.6844923911190923,0.7555496629916407,-0.7096617010934244,-0.7816073257118853,-0.7404645822360533,-0.7241934734819194,-0.7006743748556229,0.7440887130502282
512,0,0.080078125,41,0.9849892016376356,-0.6279400016034276,-0.7787636454531501,-0.7598896618640699,0.7566178266019309,-0.7600116671719895,0.6932035519757022,-0.6675411789877256,-0.7765047061636854
512,0,0.07421875,38,1.2835347789584657,-0.6666165385224172,-0.7278657657373598,-0.7262373443442247,0.7220910786109249,-0.7280544151722547,0.6969503484794003,-0.6803610620233457,-0.7492132864727493
512,0,0.322265625,165,2.2055300635928075,-0.6816164817618391,-0.8278337256504177,-0.6626408394652111,0.8439750915989779,-1.499963144481136,-1.1700734479963466,-0.20675923503939037,0.3708107935012753
512,0,0.26953125,138,2.1274873898438385,-0.7878295238818881,0.6511313756118268,-0.6595926765102065,-0.7992434385917415,-1.4275833769369586,1.386919223640733,-0.26933479119184245,-0.3927257147916242
512,0,0.126953125,65,1.3281338390614628,-0.8360403388653579,0.7428554156292888,-0.6530091010637458,-0.7165123372720251,-0.6293079681073876,-0.7686915572176204,-0.7003529240874343,0.812306828355257
512,0,0.27734375,142,2.1048934977895692,-1.4169002966718431,1.383978040800261,-0.28087719249561366,-0.3743621402131338,-0.7844288053057606,0.6851251158255445,-0.6740062844053529,-0.7593974666783663
512,0,0.099609375,51,1.0210431769481454,-0.6393391872729981,0.8176820174269375,-0.7860109819231142,-0.7807026630031937,-0.7716863473047864,-0.6886949594066296,-0.6413783320223847,0.8259887220541273
512,0,0.111328125,57,1.2669274212177122,-0.6775876260902497,0.7383855433940681,-0.6959807567843219,-0.7700259112159827,-0.7001534158840241,-0.7420732197804276,-0.7136170420346908,0.7416687037637918
512,0,0.091796875,47,1.2405150649001349,-0.7008586445153353,0.7826366872935469,-0.7429956555325145,-0.7477342712120909,-0.7167450374495837,-0.673124838078361,-0.65664242552851,0.7844094186570292
512,0,0.2421875,124,2.2545767783356983,-1.3653120461881496,1.3808660921410874,-0.29740128991795123,-0.3145959658251491,-0.7333944885199606,0.7156756439881523,-0.7058866921987016,-0.7987705895114469
512,0,0.06640625,34,1.126466668401389,-0.6680686026394703,0.7338361648843532,-0.7138135431763244,-0.7004845271695027,-0.7065930414339667,-0.7562152818565445,-0.7201617384105545,0.8001438232666778
512,0,0.490234375,251,2.370642679303694,-1.142569047782138,-0.6581436952327147,-0.25724209530662007,0.31774264974235206,-0.9098965963315312,-1.8758314231995952,-0.6209678166205433,0.8251840610851752
512,0,0.361328125,185,2.4884274088480365,-1.3168514850902653,-1.272041161210114,-0.30527419140998535,0.3569841576414585,-0.8237320732471506,-0.6119408335512918,-0.6985994917447369,0.6793881989648691
512,0,0.306640625,157,2.279109890332795,-0.6261977504835969,0.8498177473935201,-0.7017108949968636,-0.7437277451712021,-1.4667480336740528,1.2139653758211422,-0.2531479745494022,-0.3487342163104352
512,0,0.0859375,44,1.0176812092488912,-0.7213391370933844,-0.6887073867103782,-0.6645878327920581,0.7892407519711074,-0.6800379423625135,0.7902771758298611,-0.7402329617606412,-0.7120154139876581
512,0,0.123046875,63,1.158747590560066,-0.6948164871038003,0.7157310401906384,-0.6855694917341101,-0.7498500285871053,-0.691069603101101,-0.7917422612597468,-0.7297977979450989,0.8233123481807159
512,0,0.091796875,47,1.0594644169672416,0.7357372430659228,-0.7121582802992384,0.6888749497047757,0.7957183133323561,0.6936013942358071,0.7686410669563303,0.7290003294919231,-0.827704824818103
512,0,0.3203125,164,2.334629623692421,-0.7953353559283147,0.6886628097840252,-0.6668819097796778,-0.8256959860384699,-1.4638736445571428,1.4087045399699991,-0.2740731636510694,-0.33109623958726137
512,0,0.08984375,46,1.0376003236289368,-0.7014984102619743,0.7364869539950363,-0.6983870380978616,-0.7486290259175115,-0.7011020082118606,-0.7702526284317078,-0.7073733550381649,0.843239963130613
512,0,0.126953125,65,1.1605037030305356,0.7161776407293589,0.7509437491011594,0.6881120930182063,-0.7548467220334173,0.7182197588963649,-0.7236833011547107,0.7193122103843799,0.7672372867845418
512,0,0.083984375,43,1.224773792976853,-0.7438506746053722,0.7269453333488393,-0.6945898017076324,-0.8565263579647583,-0.7057347290316471,-0.7508045696914503,-0.7103620080929964,0.7109398288814839
512,0,0.09765625,50,1.212876700853517,-0.7071256042062397,0.7654939389294506,-0.6993069191985356,-0.8311886414141593,-0.7142277190288073,-0.7530802189807642,-0.7048657523604029,0.7858542285044837
512,0,0.3203125,164,2.460521378950814,-0.6601484801121312,0.677243336133409,-0.7407580662998957,-0.7029651474376005,-1.491939570897414,1.5539629394637768,-0.28778289236821153,-0.3168527102643315
512,0,0.322265625,165,2.3191266990146393,-0.5881966160330151,-0.8380148831659336,-0.752814539354916,0.694080828057004,-1.3885607133064468,-1.33080056164293,-0.2766972315600574,0.30466803066845155
512,0,0.10546875,54,0.9267799164141242,-0.6788728390918719,0.7862779354124314,-0.6914577075748031,-0.8012814711027977,-0.6786681329177546,-0.7548299959873243,-0.7193050470731206,0.7075685686046576
512,0,0.26171875,134,2.166616577242593,-0.7308618080388263,-0.7269627209267692,-0.6817881965367985,0.7853991210576644,-1.4567925656270635,-1.302731639168154,-0.23229863520156704,0.32594086003681394
512,0,0.36328125,186,1.7891408200178174,-1.021888634705541,-0.5923507605508538,-0.3534249508894415,0.4089519354726459,-0.8919851174319992,1.5663426927378048,-0.6897506529615487,-0.6840790231850539
512,0,0.12890625,66,1.2817792749519097,-0.6217473015223539,0.7465865475618154,-0.7074412499078404,-0.7215610620179826,-0.840462622315318,-0.7319491557819231,-0.6561241536747778,0.7260360692921133
512,0,0.10546875,54,1.2556684979526274,-0.6997548352116879,-0.7168054110414248,-0.7060187986913182,0.7119927117731388,-0.700631592594372,0.7449477367205392,-0.7000949139306449,-0.7538980270364056
512,0,0.30078125,154,2.24038325986249,-1.5594916818865934,1.2409494314918426,-0.24069865700197784,-0.3380171695232895,-0.7614999984553172,0.597190269289115,-0.6469370748573982,-0.7802289458527283
512,0,0.0703125,36,1.0771795107048696,-0.6902016807072503,0.7366685054237477,-0.71490762592232,-0.7334193466208438,-0.741158308276681,-0.7417918401010294,-0.6834755811976156,0.7218620362521814
512,0,0.302734375,155,2.206600824961331,-0.8212707892034016,-0.6445580927716832,-0.6197463367747781,0.791792403065242,-1.484382130356206,-1.334511798883115,-0.2370085285943748,0.357042976228071
512,0,0.453125,232,2.4558750249305636,-1.1600229702545306,-0.6782054462166629,-0.26390713959652745,0.3090827061225552,-0.8630045288664703,-1.8362802923041748,-0.6544538973673419,0.7124338153345795
512,0,0.09765625,50,1.185017684424155,-0.6809128174462791,-0.6756216927840157,-0.6911424293559019,0.7618729862300987,-0.7046217308016628,0.741725854786027,-0.7136642573156445,-0.7230033509352255
512,0,0.2578125,132,2.37473363097222,-1.493552974236119,-1.3103456608265656,-0.24456779262723471,0.33762816746607743,-0.7678671677338708,-0.6994954427349808,-0.6573920288971283,0.8046240485472964
512,0,0.3203125,164,2.319259053108356,-0.7795731399023512,-0.663090960045864,-0.697631576265356,0.7054413784760039,-1.4988495145440737,-1.4859502629763046,-0.2945666338764651,0.30693527454257435
512,0,0.10546875,54,1.0358998655651166,-0.6758523024234101,0.7644399147175129,-0.707367225018326,-0.7859039207126054,-0.7945852637416754,-0.759347830890769,-0.6878106548841242,0.8117854305567695
512,0,0.23828125,122,2.4748208312122952,-1.413275452628986,-1.4192130584156906,-0.2762396681176232,0.35480141352391614,-0.72387807660904,-0.7318564688025122,-0.7131970886454677,0.7510171899948929
512,0,0.453125,232,2.639558548354386,0.7920144361396921,-1.8747223350772864,0.6795919623388043,0.6895112051539565,1.0756455220608356,-0.6863219674066131,0.28602183033217093,0.35019594258342807
512,0,0.318359375,163,2.0467235333181266,-1.3941931901953566,-1.2819051519151732,-0.2739044935505468,0.3403136703747345,-0.7217151630911491,-0.6631058436715322,-0.6935667626529444,0.6506699249398612
512,0,0.298828125,153,2.2945527017301273,0.7496155733357475,-0.6605531594952625,0.6869337556809156,0.7483558458051238,1.463623656611208,-1.390160993746388,0.26657737966979456,0.31113200635858174
512,0,0.36328125,186,2.4145155173606647,-0.6744418044671019,-0.8220555302957461,-0.6378139688890377,0.7640926412115472,-1.55675071977247,-1.1158299973123371,-0.19764980284911213,0.31187717588649305
512,0,0.484375,248,2.579724944589933,-0.9573644177926668,0.7105945847495352,-0.28014942719445934,-0.3297454859325001,-0.7910484728235816,2.0393443285535864,-0.641011371788101,-0.7843669193620147
512,0,0.28125,144,2.280039195087361,0.7975240869531165,0.6494373040431863,0.6477081517659056,-0.8127523812084337,1.4156527891049444,1.3366957911564388,0.2526164962310665,-0.3480993990240285
512,0,0.091796875,47,1.1426060766102897,-0.7097389846012345,-0.7648970483728417,-0.6783096271930392,0.8483896536250057,-0.7177380656687111,0.7630437423984497,-0.7046199686629211,-0.7581573124380174
512,0,0.095703125,49,1.1438381144811616,-0.6739839326024848,0.7463706984436775,-0.7171512344321529,-0.7519767529624101,-0.7160429592774551,-0.745214158217301,-0.6895244155334593,0.7542786269062887
512,0,0.306640625,157,2.321184315056835,-1.3748151135194493,-1.298695390868668,-0.26675751091108874,0.3622257508071611,-0.8045736592051229,-0.658050535558257,-0.6639063793910247,0.688711845385716
512,0,0.287109375,147,2.1198772607669714,-1.4173575518535566,1.3941171153396892,-0.25024089108313974,-0.33815403810134587,-0.7703008387229343,0.6926542393892349,-0.6386697826291149,-0.7756650682162715
512,0,0.119140625,61,1.1603962341787968,-0.7148253679559478,0.6983014807313856,-0.6940268585258389,-0.7818528573665698,-0.6717784224321995,-0.7762506778112154,-0.7119875702518642,0.7587054515774595
512,0,0.416015625,213,2.671179622817797,-1.1501521637055512,-1.5067011253485116,-0.5130403144044859,0.8435299590177237,-1.2885875722050666,-0.4922819192256136,-0.2037757273617483,0.3313919355995517
512,0,0.33203125,170,2.560033181030056,0.7692308633228367,0.6246752302463683,0.6957836082982205,-0.7866194881695321,1.4484983266839515,1.301273905053937,0.2739797915607049,-0.33080477669242986
512,0,0.087890625,45,1.154043953800205,-0.7138508035692667,-0.7684574768154128,-0.6967918593748591,0.809164697584561,-0.7571582880350428,0.7496916255581261,-0.6889446163665675,-0.8049959805044641
512,0,0.11328125,58,1.1780220971362532,0.806045124419607,0.6952136366292722,0.6469431946740806,-0.7895120529214531,0.6763487817297363,-0.7795352423860729,0.7343752455916185,0.697958716519026
512,0,0.109375,56,1.2090420678087317,-0.6767642156527145,0.7588524059313254,-0.7163412074412944,-0.7620886701652025,-0.7067754957609755,-0.7564889065512632,-0.7002519584793728,0.7836803330596714
512,0,0.291015625,149,2.5181290918180315,-0.736997819931591,-0.6626684326240209,-0.6988272520281834,0.7566947692877672,-1.5307782571362496,-1.447639637896604,-0.25985579698279826,0.37907708143632574
512,0,0.29296875,150,2.2101242701956982,-0.7618321400035747,-0.6913025254001831,-0.6623908589817632,0.7799798096851661,-1.4893192687980696,-1.3638411143946754,-0.24701328570383668,0.32723130750064805
512,0,0.1171875,60,1.0889592163581434,-0.6881673691801293,-0.7577508997421768,-0.705182136520729,0.7330408797644614,-0.694416226557057,0.752040705415318,-0.7055196234942028,-0.7438569581596443
512,0,0.306640625,157,1.982906086068684,-0.8104218845673474,0.6128415104999073,-0.6405948465142642,-0.7786365011758404,-1.4579061891915246,1.345163895977327,-0.2617528306567973,-0.363772650493081
512,0,0.103515625,53,1.2047205551290263,-0.6911132948462805,0.7364391391510762,-0.6791304922683864,-0.7705553843887968,-0.7102839748815841,-0.767361351303636,-0.7130853476810963,0.7329319449401563
512,0,0.095703125,49,1.1991400466648223,-0.7512634342334803,0.6787428034338044,-0.6391728056963372,-0.7933695109763268,-0.628877201204571,-0.7981915359200387,-0.7747784555402739,0.7097597534673794
512,0,0.111328125,57,1.2265948205758015,0.6640123837629139,0.7359585774367972,0.7012015323517223,-0.7294624272169352,0.7151216764615056,-0.7170506039826736,0.6907237864563964,0.76349691134971
512,0,0.310546875,159,2.3066204142907143,-1.3920014147265898,-1.3302795270325252,-0.2819759324409395,0.3086884988983979,-0.6989851304539849,-0.6503813175708845,-0.7157466776993326,0.6980959114781016
512,0,0.087890625,45,1.210156717650684,-0.6844552270905004,-0.7816647345655308,-0.7316464094607815,0.7247739793595619,-0.6938529312082475,0.7421495864290142,-0.6984371041158329,-0.7686941171903421
512,0,0.296875,152,2.4251470501942163,-1.493118660496996,1.3439321355040617,-0.27003545536901946,-0.3470822403055312,-0.7990508971980436,0.6865091280091322,-0.6435937997205143,-0.8767021161781975
512,0,0.466796875,239,2.3037821909860288,-0.8800364387820309,1.9867069407312852,-0.6446199774374929,-0.7925326496509152,-1.1112482091139655,0.7232456817738471,-0.27411478867621025,-0.3449963085975706
512,0,0.28125,144,2.5729514965710676,-1.4831885264532467,1.352102438147569,-0.26421341234051476,-0.320179797442942,-0.7411421361368478,0.6681191761935104,-0.6610884770521538,-0.7211585462999089
512,0,0.099609375,51,1.0190079015803977,-0.7047065884199107,-0.7601663998506438,-0.7120865430393619,0.7990063349513051,-0.7181444740287038,0.7487805335596113,-0.713179433930006,-0.8103588575501373
512,0,0.48046875,246,2.4275030914549585,-0.6834569345208061,2.0855402689696243,-0.6657030888959357,-0.7638184136099483,-0.9798011617455852,0.7507376037899758,-0.2365158870059284,-0.3371459774108103
512,0,0.408203125,209,2.5673087241435564,-0.9906669123652636,1.5587493306913698,-0.6033499049086486,-0.7010473867997721,-1.2317813283183277,0.586265125014371,-0.22040088007946915,-0.31525409064425153
512,0,0.068359375,35,1.0997274456916988,-0.7329183599631065,-0.7188008286675162,-0.6829316613307982,0.7040938902052243,-0.6578179626016301,0.7569947543513115,-0.7259850712221035,-0.7322568257565985
512,0,0.484375,248,2.4592197919052836,-1.1088104518093165,0.7097347290774008,-0.2452081316018968,-0.31968115702458477,-0.8063344477102435,1.9960172607676192,-0.6542867414402193,-0.8185138223713756
512,0,0.0859375,44,1.147199739689556,-0.6995868223021423,0.7167424034205206,-0.6680902210265116,-0.7817168378735665,-0.6761791097295138,-0.7546820105188378,-0.7382389805717177,0.6747239680147814
512,0,0.34375,176,2.509939713781331,-0.7420294540415308,-0.6313695055068468,-0.6560302099437847,0.7810384964640084,-1.572743830640194,-1.422721189542188,-0.21302679988427323,0.341083345090741
512,0,0.060546875,31,0.9549868811200994,-0.7122642616341898,0.7722266683690874,-0.7073725517675029,-0.6955450995738964,-0.7159332078339912,-0.7210240472782997,-0.6765074768626199,0.8011813043338797
512,0,0.4609375,236,2.3657067304343813,-1.0645089521394195,0.6645040197904273,-0.25171674878816946,-0.3055478237550147,-0.9133022835205732,1.9374625429519368,-0.6028177342831723,-0.8140732296899583
512,0,0.080078125,41,1.194063725098338,-0.6683598487616207,-0.7547982256209927,-0.7215140771863897,0.6947704099131004,-0.743205083494672,0.6926895297363849,-0.6801959709081027,-0.7293039264251374
512,0,0.46875,240,2.4908194214146966,-0.6027366205100662,2.5409300676664843,-0.6991114938965158,-0.7828419901303996,-1.0073057063935562,0.7714036356107321,-0.26987847204395216,-0.2986498949086893
512,0,0.27734375,142,2.2279767684363057,-0.6813388688324334,-0.7899760875699418,-0.6836428612591267,0.8753666676607024,-1.5156653329017942,-1.2469694747628708,-0.24393465293521088,0.312694137406685
512,0,0.08984375,46,1.0892021829815841,-0.6836904831048662,0.7602887458852495,-0.7193190398243455,-0.8058916041535458,-0.7592550103736518,-0.7343740246581467,-0.670929202192874,0.8156426359776419
512,0,0.12890625,66,1.27082385783365,-0.6276903959276678,0.7983336210077334,-0.7530582116496379,-0.7442719056235508,-0.7246879294572383,-0.6851383115188793,-0.6620762200192177,0.7380605217850071
512,0,0.271484375,139,2.285091133995335,-1.455185810412464,-1.3217473085256748,-0.23658113274680667,0.35548159974258536,-0.8018779606437653,-0.6808597047297767,-0.6606449584638212,0.7865510525551362
512,0,0.40625,208,2.400631052168112,-0.9760875051181646,1.657055729708384,-0.6276810486582048,-0.7273067393689142,-1.275273307787105,0.6458230452424256,-0.2271629321045909,-0.3366283299492654
512,0,0.0859375,44,1.145561137490344,-0.7897638655002012,-0.6921126787380654,-0.6552439785547196,0.7974369031401366,-0.6699677601977343,0.7543557562944956,-0.7442201409698604,-0.7212417385546551
512,0,0.298828125,153,2.652271979243023,-0.6051581363127259,0.851026284263433,-0.6918855937943381,-0.8068024747211778,-1.5457107415606843,1.1826256591365545,-0.25257737599476293,-0.32460246997456726
512,0,0.361328125,185,2.4220615289219984,-0.7375366609673351,0.6207733504216382,-0.6788476457793956,-0.7202106298363555,-1.625545872265729,1.413189327228051,-0.2208143043982527,-0.3074090974434469
512,0,0.25,128,2.0463299361060088,-1.40702065518686,-1.3496763642592355,-0.29269195172097834,0.3577507710359289,-0.790734101825284,-0.6667670764760144,-0.6690020722397507,0.7535695164958867
512,0,0.37109375,190,2.4031021806575974,-1.3516304880337835,1.1642705504176505,-0.3012754612783961,-0.36224136193015993,-0.9116955771970894,0.5008253907557337,-0.6419934847667274,-0.8515724282793676
512,0,0.123046875,63,1.33689930037613,-0.6539034128438709,-0.7775842046433836,-0.7285526992849216,0.7928268953973455,-0.6156203587411019,0.7538802867415054,-0.7262899025721581,-0.7357732226494063
512,0,0.248046875,127,2.4037368946345,-0.5943341833222755,0.7814761856624453,-0.7492010023834025,-0.7821631263741987,-1.4672382206600851,1.2865872765943018,-0.28807706610225103,-0.32518945830177953
512,0,0.09765625,50,1.2314283628408615,0.624052083254678,0.7631943881748721,0.7240420731515843,-0.7247332302632341,0.6924270952867555,-0.7129234903860578,0.70027074183011,0.7036118546451632
512,0,0.337890625,173,2.389679868916017,-0.7452512906754606,-0.6122253691201163,-0.6819529446889931,0.7367893049094935,-1.5164669607943413,-1.41023677500534,-0.24136942069891357,0.33526391731302224
512,0,0.259765625,133,2.432791095377909,-1.4176658406014035,-1.291808834691616,-0.2628344117194608,0.3098103510204974,-0.7424074290700607,-0.6756744403111647,-0.6984664996827007,0.7282671993063656
512,0,0.30078125,154,2.289904222841455,0.6824717693297029,0.6630494982840133,0.6779021207322992,-0.7609294221319359,1.5003428854241234,1.2568444815958868,0.26657557720035113,-0.33081537128377636
512,0,0.31640625,162,2.457910992630995,1.4108784908935483,1.2874535889637906,0.26853687861420844,-0.35728651786004056,0.7836066478350827,0.6417311821937163,0.6586785722729047,-0.810515523546583
512,0,0.08203125,42,1.223373902228528,-0.68932794712404,-0.7526418910593825,-0.6771338056270224,0.7805439292259084,-0.7768126962172238,0.7702774712350057,-0.7220983379987183,-0.7680975934525919
512,0,0.328125,168,1.8967028415992224,-0.992524865942688,-1.408806616487886,-0.6373101096742937,0.6887258764015358,-0.8931926401309839,0.6477570368712158,-0.41726245196649087,-0.3874560032884952
512,0,0.283203125,145,2.25776113501012,1.359007140287843,-1.4075410370590908,0.3050373197840993,0.3387040309732684,0.7157680429327606,-0.6946637008036827,0.7072886418844153,0.7718810488787431
512,0,0.31640625,162,2.2942187231838567,-0.7830369927646443,0.65955488337384,-0.6604363659186341,-0.7776327603333786,-1.5558589232810685,1.457145177976548,-0.26362243477220254,-0.34433648161360336
512,0,0.26171875,134,2.314279007221469,0.7198170216891636,-0.7188767391613078,0.6602603218679148,0.8076766695443865,1.646599382878531,-1.219252833640117,0.2135016319435615,0.3610475687589999
512,0,0.078125,40,1.0858418936949512,-0.7039644479464162,0.7052587469732868,-0.6994001788362164,-0.7346125201764945,-0.6982123142251221,-0.7322723594892538,-0.7182392209515112,0.7429821167539585
512,0,0.068359375,35,1.1113648136855143,-0.6485065408247421,0.7862262076520584,-0.7473260758840187,-0.7391032185390941,-0.7403534220630061,-0.6950358460288425,-0.6777472154136974,0.7833316975311984
512,0,0.49609375,254,2.5123843921904756,-1.089562736264278,-0.6226333775837801,-0.27447166732955985,0.3312440128048852,-0.9314586426691404,-1.702354394468241,-0.6059796124931173,0.8180079327728464
512,0,0.45703125,234,2.5162096689040663,-1.1266930109048667,0.6480327196341087,-0.2647706771360771,-0.3855534377029173,-0.9940332956664056,1.7106903900202408,-0.6008850411719254,-0.8308869929162285
512,0,0.087890625,45,1.1296483481616637,0.6972688421018449,0.7346118079449476,0.662953684317774,-0.8036634013744576,0.6715026514085674,-0.7825027120283984,0.7340934717226103,0.6914712733411454
512,0,0.087890625,45,1.1485217134173915,-0.6123463270453177,0.8002434473558394,-0.7670332447549748,-0.7057500746115162,-0.7545984443271023,-0.6981538511702823,-0.634899549981109,0.8159112014030228
512,0,0.107421875,55,1.4998489653697007,0.6523280383814218,-0.7452350156777092,0.6932879593466577,0.7671672988876961,0.737885932703006,0.7150284368026931,0.7062836280926262,-0.6902002756605273
512,0,0.080078125,41,1.066809038193651,0.6621276023765367,0.7538216873710446,0.7341676289118787,-0.7086916539460689,0.7159227686578498,-0.717059105589392,0.6817173752051217,0.7784874876189735
512,0,0.3046875,156,2.4471933605741643,-1.395302645673347,-1.3134890432410404,-0.23011525225444487,0.31655294926769156,-0.7836424902684077,-0.6854293693414752,-0.6545286344267073,0.750350610720854
512,0,0.09765625,50,1.1923753501707508,0.7212052308182173,-0.7410630160454018,0.6846623674303458,0.7152914958893631,0.7340506473927856,0.7572167049503381,0.7063474972932022,-0.7826077638672728
512,0,0.283203125,145,2.0623196702322666,-1.4833455979791426,-1.3651939794210313,-0.24325445881193752,0.36785625560305857,-0.7672054511898563,-0.6918388901195166,-0.6682969104436299,0.7416048445040034
512,0,0.103515625,53,1.186114968333672,0.6829826634103803,0.7115552536863844,0.7034774613646839,-0.7070901929807875,0.7642797378078335,-0.7672144754514165,0.7041379024402765,0.8234577223906964
512,0,0.087890625,45,1.028992085390018,-0.6798765333232424,0.7472261712043259,-0.7208477482639636,-0.7884194039608486,-0.7454474217087158,-0.7332570673703753,-0.6943109616520178,0.8202535714864547
512,0,0.466796875,239,2.4884718759654305,-1.2363759788713606,0.6477308094195426,-0.21332970695411305,-0.37485877885850455,-1.0270632745417123,1.5710913928947856,-0.5802829966965486,-0.7296427182738884
512,0,0.3359375,172,2.6448862479633894,-0.697788169027267,0.8001184957296159,-0.663616104487355,-0.8101497779231969,-1.555486903793081,1.2035117403826,-0.2140368105705876,-0.30916741092681804
512,0,0.275390625,141,2.2060557154521057,-1.4877923879652393,1.325172411383999,-0.2603260643923035,-0.3429972975040521,-0.7889422877823882,0.626314011246381,-0.6570590375908089,-0.7470076793947161
512,0,0.107421875,55,1.1292025457037855,-0.7111354432930422,-0.7774390128407357,-0.7016616539746549,0.7521689319642683,-0.6891876694127711,0.7174627655999275,-0.6975144234841516,-0.8161609434545194
512,0,0.07421875,38,1.140697157390378,-0.6601638001396632,-0.7739166174138198,-0.7175286978862421,0.7483564729587185,-0.7447670500946783,0.7035593868860117,-0.6800158285105834,-0.7463522669481109
512,0,0.0859375,44,1.0013403241550436,-0.6653756776367767,-0.734858549983011,-0.7167276700069823,0.726589518698418,-0.7498554515967634,0.7545899086466682,-0.6896510335421462,-0.7902463240593668
512,0,0.107421875,55,1.1815918963167258,-0.6656340826393764,0.7268004751370756,-0.7073628407703175,-0.7509615525400456,-0.692493426304532,-0.7617840491477427,-0.7072109949136218,0.7192830361523046
512,0,0.103515625,53,1.3732443032368808,-0.6496253363481954,-0.7570784914549489,-0.7439323725328096,0.7374231271625433,-0.7151027020340207,0.6968206640996784,-0.6901203408513887,-0.7977744510545669
512,0,0.318359375,163,2.1366072639085183,-0.7358785981090575,0.6393276005875601,-0.703430122337247,-0.7670707062528355,-1.4053591748429914,1.3234165639476487,-0.27176081189055884,-0.32872294776673466
512,0,0.251953125,129,2.2125619060329194,-1.5268502331998894,1.3031025460297034,-0.26750688294821,-0.30112270466430513,-0.7259649269019245,0.6666113293218708,-0.6880351284572299,-0.7869709015628704
512,0,0.46875,240,2.5731425424415217,-1.021191386797544,-1.6499173295340166,-0.5729561897143571,0.7904004059655292,-1.2327123479262208,-0.59955025733738,-0.25172965264268826,0.31210156517363274
512,0,0.380859375,195,1.896513359882638,-0.8702592014221712,1.6533805067936425,-0.6504546854801878,-0.7041157457704371,-0.9503502100210334,-0.6491794924281626,-0.33926518732676825,0.35856289791314516
512,0,0.255859375,131,2.271699741828086,-1.4411192977894052,1.4417223806182835,-0.26892780889388823,-0.321010343881957,-0.7326728703762985,0.7039369870382226,-0.6840316569208712,-0.7544771263731062
512,0,0.09765625,50,1.1141229993284885,-0.6917303190103085,0.7556979728534844,-0.7181901526309,-0.7408877001182973,-0.7830986765635228,-0.7340317396742917,-0.675518806914558,0.7167045562895793
512,0,0.49609375,254,2.5999126641312458,-0.9440313638847402,-1.820022996447325,-0.611661462205796,0.8222905776640904,-1.1700552306834928,-0.6257202651412151,-0.23463252307415355,0.3388074063875609
512,0,0.3046875,156,2.2148467937390883,-0.7598461489354564,-0.6924946268045192,-0.6854274956042695,0.7980589497034208,-1.4200733745398886,-1.4096756316552237,-0.280525428094679,0.3394325800340647
512,0,0.298828125,153,2.271791562979411,0.6591878873066626,0.7223232686570314,0.6987009251653997,-0.7406057598952226,1.4813677884761902,1.4139838421468438,0.19152888538659743,-0.3305321059158707
512,0,0.107421875,55,1.3911419300852614,-0.6930519032411684,-0.7315995832645596,-0.711426243537388,0.773948067176852,-0.6661981594319638,0.7189808575475024,-0.6957180623480721,-0.6543165664827678
512,0,0.099609375,51,1.0838728492314478,-0.6191785871189955,0.7243083858944191,-0.7231216982939863,-0.7522129709926929,-0.8036537980783396,-0.6983477332899937,-0.6773238417454098,0.7063431145652511
512,0,0.345703125,177,2.2260375783103568,-1.516876241311765,1.3062709872670053,-0.25719372211500835,-0.323106278993033,-0.7797617457641723,0.6047390894007229,-0.65579486463987,-0.7727723374915572
512,0,0.3046875,156,2.704722342471656,-1.4271192413287646,1.3236056419884688,-0.2542361667707879,-0.3610644523281536,-0.7804779774873682,0.6921893125381392,-0.6662629599225074,-0.7719033975115389
512,0,0.107421875,55,1.3383265096626225,-0.6789549549426012,-0.8050201076137145,-0.7373608340179281,0.7084618137751244,-0.7494666291789227,0.6621616102351832,-0.6514811070416089,-0.7628376237773881
512,0,0.130859375,67,1.114962425960995,-0.6833125109923553,0.7126154322962478,-0.6794262031164762,-0.7270536837461781,-0.7111469067218424,-0.7542539247682133,-0.7139513795701867,0.7239946587239237
512,0,0.08984375,46,1.1391721644086164,-0.6766987485051867,-0.7190222276451574,-0.700097025980795,0.7422679368898645,-0.6849193293932041,0.71232008807848,-0.7015859986500286,-0.7004193402942234
512,0,0.419921875,215,2.3741112114811194,-1.21385819360002,0.5938868213490508,-0.23018141500440636,-0.3148077223406755,-0.9062286398606512,1.8440699902069575,-0.634455305308991,-0.8407162129117938
512,0,0.08984375,46,1.196264582816624,-0.7971924100845251,0.7237605595320596,-0.6586837734623227,-0.8574922212710093,-0.6769821206452721,-0.7530699897379399,-0.742791538504325,0.74255238425827
512,0,0.28125,144,2.498305399218872,-0.7136049266990357,-0.6823652606295243,-0.6770409656719548,0.7433926608183147,-1.4935335967122672,-1.3459848394419185,-0.2468592388253029,0.34523466042727985
512,0,0.078125,40,1.1781998987045208,-0.6500562472981716,-0.744896008176955,-0.7197017950797436,0.8120486870988053,-0.7382057268494874,0.7823955968794127,-0.7114133828536803,-0.8129280597666527
512,0,0.255859375,131,2.201573295490044,-0.7219877510691096,0.6918924516804303,-0.698789693025764,-0.7275882996955337,-1.4729353821547866,1.4671390126811514,-0.2778635498310157,-0.36026339034587207
512,0,0.3125,160,2.310780418416528,1.437233755212077,-1.2836045847446895,0.2445639801710307,0.3623227133775409,0.7737292849265734,-0.6111999721776366,0.6636593116590345,0.7427720854618921
512,0,0.48046875,246,2.3892053323319646,0.9066020722632214,-1.6355420038441202,0.6139297882702582,0.7153093764193055,1.1399468793314316,-0.6838440232139117,0.24713626388503668,0.3236695564244379
512,0,0.107421875,55,1.0470284216431751,-0.5984017526815281,0.7449996480861936,-0.7448621137139088,-0.6836628928458741,-0.7689476699603486,-0.7075857745164147,-0.666691010012015,0.7948031563533727
512,0,0.251953125,129,2.061557202443252,-1.5322339808686358,1.317367657017199,-0.2574861426781396,-0.3370896530544176,-0.6280278019095875,0.8631619594532022,-0.7292338494385479,-0.8115462589241077
512,0,0.091796875,47,1.2059459555371022,-0.6958450496932009,-0.7333363989230637,-0.7160687428682561,0.754536832530982,-0.6888791156072965,0.7227743215942173,-0.6887238670173054,-0.7287551173709916
512,0,0.09765625,50,0.9627559858509624,-0.7157414048578185,0.7502521925193305,-0.7035334117724213,-0.7781955979844104,-0.7105548937767995,-0.719256261235668,-0.7069230477684085,0.7598299178490839
